{
  "best_model": "naive_bayes__count_char",
  "best_params": {
    "model__alpha": 1.0
  },
  "best_score": 0.4701629639710134,
  "metrics": {
    "accuracy": 0.8839924120822997,
    "precision": 0.6726432532347505,
    "recall": 0.5482072913528171,
    "f1": 0.6040836653386454,
    "roc_auc": 0.8976668462454098
  }
}